{
  "cmd/main.go": 1784866723.1122985,
  "cmd/main_test.go": 1784866723.1125863,
  "cmd/node-agent/main.go": 1784866723.1132445,
  "cmd/node-agent/main_test.go": 1784866723.113698,
  "cmd/probe/main.go": 1784866723.1190014,
  "cmd/probe/main_test.go": 1784866723.1199377,
  "test/utils/utils_test.go": 1784866723.6878762,
  "test/utils/utils.go": 1784866723.6874156,
  "test/e2e/nodelocaldns_test.go": 1784866723.6779776,
  "test/e2e/impersonation_test.go": 1784866723.669477,
  "test/e2e/istio_test.go": 1784866723.6697228,
  "test/e2e/observability_test.go": 1784866723.6826806,
  "test/e2e/e2e_test.go": 1784866723.657567,
  "test/e2e/nodecert_test.go": 1784866723.676244,
  "test/e2e/addoncheck_refresh_test.go": 1784866723.646862,
  "test/e2e/kubestatemetrics_test.go": 1784866723.6752048,
  "test/e2e/cilium_test.go": 1784866723.6566906,
  "test/e2e/externaldns_test.go": 1784866723.6581583,
  "test/e2e/argocd_test.go": 1784866723.6510668,
  "test/e2e/azureworkloadidentity_test.go": 1784866723.6557963,
  "test/e2e/metricsserver_test.go": 1784866723.6759317,
  "test/e2e/envoygateway_test.go": 1784866723.6578782,
  "test/e2e/e2e_suite_test.go": 1784866723.6572745,
  "test/e2e/certmanager_test.go": 1784866723.6563013,
  "test/e2e/coredns_test.go": 1784866723.6569822,
  "test/e2e/healthreport_helpers_test.go": 1784866723.6692114,
  "internal/metrics/metrics.go": 1784866723.5579634,
  "internal/metrics/metrics_test.go": 1784866723.5584185,
  "internal/metrics/check_metrics_test.go": 1784866723.5536053,
  "internal/tracing/tracing_test.go": 1784866723.581125,
  "internal/tracing/tracing.go": 1784866723.5808792,
  "internal/app/run.go": 1784866723.528317,
  "internal/app/options.go": 1784866723.5219767,
  "internal/app/root_wiring_test.go": 1784866723.523237,
  "internal/app/root_test.go": 1784866723.5228539,
  "internal/app/run_test.go": 1784866723.5294821,
  "internal/app/options_test.go": 1784866723.5222769,
  "internal/app/run_happy_test.go": 1784866723.528805,
  "internal/app/impersonation_namespace_test.go": 1784866723.5216782,
  "internal/app/root.go": 1784866723.52264,
  "internal/adapter/rbacgen/write_test.go": 1784866723.5202203,
  "internal/adapter/rbacgen/rbacgen.go": 1784866723.5196242,
  "internal/adapter/rbacgen/guard_test.go": 1784866723.5186808,
  "internal/adapter/rbacgen/files_test.go": 1784866723.5183887,
  "internal/adapter/rbacgen/cmd/main.go": 1784866723.5174015,
  "internal/adapter/rbacgen/cmd/main_test.go": 1784866723.5176423,
  "internal/adapter/crdutil/crdutil_test.go": 1784866723.4204562,
  "internal/adapter/crdutil/crdutil.go": 1784866723.4202027,
  "internal/adapter/kubestatemetrics/adapter_test.go": 1784866723.4932947,
  "internal/adapter/kubestatemetrics/adapter.go": 1784866723.4885762,
  "internal/adapter/kubestatemetrics/rbac_test.go": 1784866723.5008013,
  "internal/adapter/nodelocaldns/adapter_test.go": 1784866723.5114014,
  "internal/adapter/nodelocaldns/adapter.go": 1784866723.5057502,
  "internal/adapter/nodelocaldns/rbac_test.go": 1784866723.515823,
  "internal/adapter/declarative/crd_test.go": 1784866723.4410858,
  "internal/adapter/declarative/tracing_test.go": 1784866723.4687839,
  "internal/adapter/declarative/webhook.go": 1784866723.4745414,
  "internal/adapter/declarative/cronjob_test.go": 1784866723.4417326,
  "internal/adapter/declarative/workload_test.go": 1784866723.4799185,
  "internal/adapter/declarative/kured_test.go": 1784866723.4599946,
  "internal/adapter/declarative/podprojection.go": 1784866723.464534,
  "internal/adapter/declarative/istio.go": 1784866723.458091,
  "internal/adapter/declarative/annotation_test.go": 1784866723.4224827,
  "internal/adapter/declarative/istio_test.go": 1784866723.4584713,
  "internal/adapter/declarative/versiondetect.go": 1784866723.4695222,
  "internal/adapter/declarative/descheduler.go": 1784866723.4432144,
  "internal/adapter/declarative/annotation.go": 1784866723.4219806,
  "internal/adapter/declarative/cilium.go": 1784866723.4370844,
  "internal/adapter/declarative/field.go": 1784866723.4565418,
  "internal/adapter/declarative/azureworkloadidentity.go": 1784866723.432595,
  "internal/adapter/declarative/vpa_test.go": 1784866723.4705477,
  "internal/adapter/declarative/workload.go": 1784866723.4796207,
  "internal/adapter/declarative/keda_test.go": 1784866723.4592314,
  "internal/adapter/declarative/engine_test.go": 1784866723.449933,
  "internal/adapter/declarative/configmap_test.go": 1784866723.440343,
  "internal/adapter/declarative/descheduler_test.go": 1784866723.4444146,
  "internal/adapter/declarative/metricsserver.go": 1784866723.46028,
  "internal/adapter/declarative/externaldns.go": 1784866723.451537,
  "internal/adapter/declarative/externaldns_test.go": 1784866723.451802,
  "internal/adapter/declarative/argocd_test.go": 1784866723.4275427,
  "internal/adapter/declarative/definition.go": 1784866723.4425437,
  "internal/adapter/declarative/condition_test.go": 1784866723.4380646,
  "internal/adapter/declarative/argocd.go": 1784866723.4267104,
  "internal/adapter/declarative/condition.go": 1784866723.4375963,
  "internal/adapter/declarative/engine.go": 1784866723.4453413,
  "internal/adapter/declarative/azureworkloadidentity_test.go": 1784866723.4367206,
  "internal/adapter/declarative/configmap.go": 1784866723.4384243,
  "internal/adapter/declarative/envoygateway.go": 1784866723.4506755,
  "internal/adapter/declarative/podprojection_test.go": 1784866723.4684002,
  "internal/adapter/declarative/keda.go": 1784866723.4588919,
  "internal/adapter/declarative/webhook_test.go": 1784866723.479147,
  "internal/adapter/declarative/metricsserver_test.go": 1784866723.4605298,
  "internal/adapter/declarative/evaluator.go": 1784866723.4512687,
  "internal/adapter/declarative/crd.go": 1784866723.4408433,
  "internal/adapter/declarative/envoygateway_test.go": 1784866723.4510007,
  "internal/adapter/declarative/kured.go": 1784866723.4595444,
  "internal/adapter/declarative/versiondetect_test.go": 1784866723.4699278,
  "internal/adapter/declarative/vpa.go": 1784866723.4702647,
  "internal/adapter/declarative/field_test.go": 1784866723.457614,
  "internal/adapter/declarative/cronjob.go": 1784866723.441321,
  "internal/adapter/certmanager/adapter_test.go": 1784866723.4171808,
  "internal/adapter/certmanager/adapter.go": 1784866723.4168758,
  "internal/adapter/certmanager/rbac_test.go": 1784866723.4174407,
  "internal/adapter/registry/registry.go": 1784866723.5208838,
  "internal/adapter/registry/registry_test.go": 1784866723.521227,
  "internal/adapter/podutil/podutil_test.go": 1784866723.5167656,
  "internal/adapter/podutil/podutil.go": 1784866723.5164924,
  "internal/adapter/coredns/adapter_tracing_test.go": 1784866723.4192588,
  "internal/adapter/coredns/adapter_test.go": 1784866723.4189897,
  "internal/adapter/coredns/adapter.go": 1784866723.418336,
  "internal/adapter/coredns/rbac_test.go": 1784866723.4194677,
  "internal/adapter/impersonation/factory.go": 1784866723.4816768,
  "internal/adapter/impersonation/incluster_test.go": 1784866723.4839227,
  "internal/adapter/impersonation/incluster_internal_test.go": 1784866723.483655,
  "internal/adapter/impersonation/incluster.go": 1784866723.4833322,
  "internal/adapter/impersonation/factory_test.go": 1784866723.4830465,
  "internal/nodecert/paths.go": 1784866723.5589006,
  "internal/nodecert/types.go": 1784866723.560069,
  "internal/nodecert/scan.go": 1784866723.5595481,
  "internal/nodecert/wire.go": 1784866723.5622778,
  "internal/nodecert/paths_test.go": 1784866723.5592606,
  "internal/nodecert/scan_test.go": 1784866723.5598073,
  "internal/controller/tracing_test.go": 1784866723.548985,
  "internal/controller/clusterhealth_controller_test.go": 1784866723.5337572,
  "internal/controller/addoncheck_controller_test.go": 1784866723.5315228,
  "internal/controller/nodecertificatecheck_controller_test.go": 1784866723.5450542,
  "internal/controller/status_conflict_test.go": 1784866723.54788,